{"2025-05-11 22:40:14": {"WATERFRONT": {"percentage": 34.6842265795207, "area": 1194004, "description": "Areas adjacent to water bodies", "ideal_range": [5, 15]}, "AGRICULTURAL": {"percentage": 4.908351488743646, "area": 168970, "description": "Farming and agricultural zones", "ideal_range": [15, 30]}, "RESIDENTIAL": {"percentage": 11.089135802469135, "area": 381743, "description": "Housing and residential neighborhoods", "ideal_range": [20, 40]}, "COMMERCIAL": {"percentage": 0.0, "area": 0, "description": "Business, retail and office areas", "ideal_range": [10, 25]}, "GREEN_SPACE": {"percentage": 1.4495715323166303, "area": 49901, "description": "Parks and recreational areas", "ideal_range": [15, 25]}, "ROADS": {"percentage": 91.40464778503994, "area": 3146605, "description": "Transportation infrastructure", "ideal_range": [10, 20]}, "WASTELAND": {"percentage": 49.3438489469862, "area": 1698662, "description": "Undeveloped or abandoned areas", "ideal_range": [0, 5]}, "GRASSLAND": {"percentage": 5.49760348583878, "area": 189255, "description": "Open grass areas and fields", "ideal_range": [5, 15]}, "INDUSTRIAL": {"percentage": 66.51443718228032, "area": 2289759, "description": "Manufacturing and industrial zones", "ideal_range": [5, 15]}}, "2025-05-11 22:41:47": {"WATERFRONT": {"percentage": 25.087488106050778, "area": 928076, "description": "Areas adjacent to water bodies", "ideal_range": [5, 15]}, "AGRICULTURAL": {"percentage": 16.40008001384023, "area": 606698, "description": "Farming and agricultural zones", "ideal_range": [15, 30]}, "RESIDENTIAL": {"percentage": 22.73171575623892, "area": 840928, "description": "Housing and residential neighborhoods", "ideal_range": [20, 40]}, "COMMERCIAL": {"percentage": 0.6130925349249601, "area": 22680, "description": "Business, retail and office areas", "ideal_range": [10, 25]}, "GREEN_SPACE": {"percentage": 6.445087798970634, "area": 238427, "description": "Parks and recreational areas", "ideal_range": [15, 25]}, "ROADS": {"percentage": 89.48565427533411, "area": 3310396, "description": "Transportation infrastructure", "ideal_range": [10, 20]}, "WASTELAND": {"percentage": 49.676822477401494, "area": 1837724, "description": "Undeveloped or abandoned areas", "ideal_range": [0, 5]}, "GRASSLAND": {"percentage": 17.16665855715583, "area": 635056, "description": "Open grass areas and fields", "ideal_range": [5, 15]}, "INDUSTRIAL": {"percentage": 51.928766056831456, "area": 1921032, "description": "Manufacturing and industrial zones", "ideal_range": [5, 15]}}, "2025-05-11 23:18:24": {"WATERFRONT": {"percentage": 25.087488106050778, "area": 928076, "description": "Areas adjacent to water bodies", "ideal_range": [5, 15]}, "AGRICULTURAL": {"percentage": 16.40008001384023, "area": 606698, "description": "Farming and agricultural zones", "ideal_range": [15, 30]}, "RESIDENTIAL": {"percentage": 22.73171575623892, "area": 840928, "description": "Housing and residential neighborhoods", "ideal_range": [20, 40]}, "COMMERCIAL": {"percentage": 0.6130925349249601, "area": 22680, "description": "Business, retail and office areas", "ideal_range": [10, 25]}, "GREEN_SPACE": {"percentage": 6.445087798970634, "area": 238427, "description": "Parks and recreational areas", "ideal_range": [15, 25]}, "ROADS": {"percentage": 89.48565427533411, "area": 3310396, "description": "Transportation infrastructure", "ideal_range": [10, 20]}, "WASTELAND": {"percentage": 49.676822477401494, "area": 1837724, "description": "Undeveloped or abandoned areas", "ideal_range": [0, 5]}, "GRASSLAND": {"percentage": 17.16665855715583, "area": 635056, "description": "Open grass areas and fields", "ideal_range": [5, 15]}, "INDUSTRIAL": {"percentage": 51.928766056831456, "area": 1921032, "description": "Manufacturing and industrial zones", "ideal_range": [5, 15]}}, "2025-05-11 23:50:21": {"WATERFRONT": {"percentage": 34.6842265795207, "area": 1194004, "description": "Areas adjacent to water bodies", "ideal_range": [5, 15]}, "AGRICULTURAL": {"percentage": 4.908351488743646, "area": 168970, "description": "Farming and agricultural zones", "ideal_range": [15, 30]}, "RESIDENTIAL": {"percentage": 11.089135802469135, "area": 381743, "description": "Housing and residential neighborhoods", "ideal_range": [20, 40]}, "COMMERCIAL": {"percentage": 0.0, "area": 0, "description": "Business, retail and office areas", "ideal_range": [10, 25]}, "GREEN_SPACE": {"percentage": 1.4495715323166303, "area": 49901, "description": "Parks and recreational areas", "ideal_range": [15, 25]}, "ROADS": {"percentage": 91.40464778503994, "area": 3146605, "description": "Transportation infrastructure", "ideal_range": [10, 20]}, "WASTELAND": {"percentage": 49.3438489469862, "area": 1698662, "description": "Undeveloped or abandoned areas", "ideal_range": [0, 5]}, "GRASSLAND": {"percentage": 5.49760348583878, "area": 189255, "description": "Open grass areas and fields", "ideal_range": [5, 15]}, "INDUSTRIAL": {"percentage": 66.51443718228032, "area": 2289759, "description": "Manufacturing and industrial zones", "ideal_range": [5, 15]}}, "2025-05-11 23:50:40": {"WATERFRONT": {"percentage": 25.087488106050778, "area": 928076, "description": "Areas adjacent to water bodies", "ideal_range": [5, 15]}, "AGRICULTURAL": {"percentage": 16.40008001384023, "area": 606698, "description": "Farming and agricultural zones", "ideal_range": [15, 30]}, "RESIDENTIAL": {"percentage": 22.73171575623892, "area": 840928, "description": "Housing and residential neighborhoods", "ideal_range": [20, 40]}, "COMMERCIAL": {"percentage": 0.6130925349249601, "area": 22680, "description": "Business, retail and office areas", "ideal_range": [10, 25]}, "GREEN_SPACE": {"percentage": 6.445087798970634, "area": 238427, "description": "Parks and recreational areas", "ideal_range": [15, 25]}, "ROADS": {"percentage": 89.48565427533411, "area": 3310396, "description": "Transportation infrastructure", "ideal_range": [10, 20]}, "WASTELAND": {"percentage": 49.676822477401494, "area": 1837724, "description": "Undeveloped or abandoned areas", "ideal_range": [0, 5]}, "GRASSLAND": {"percentage": 17.16665855715583, "area": 635056, "description": "Open grass areas and fields", "ideal_range": [5, 15]}, "INDUSTRIAL": {"percentage": 51.928766056831456, "area": 1921032, "description": "Manufacturing and industrial zones", "ideal_range": [5, 15]}}, "2025-05-12 00:41:38": {"WATERFRONT": {"percentage": 25.087488106050778, "area": 928076, "description": "Areas adjacent to water bodies", "ideal_range": [5, 15]}, "AGRICULTURAL": {"percentage": 16.40008001384023, "area": 606698, "description": "Farming and agricultural zones", "ideal_range": [15, 30]}, "RESIDENTIAL": {"percentage": 22.73171575623892, "area": 840928, "description": "Housing and residential neighborhoods", "ideal_range": [20, 40]}, "COMMERCIAL": {"percentage": 0.6130925349249601, "area": 22680, "description": "Business, retail and office areas", "ideal_range": [10, 25]}, "GREEN_SPACE": {"percentage": 6.445087798970634, "area": 238427, "description": "Parks and recreational areas", "ideal_range": [15, 25]}, "ROADS": {"percentage": 89.48565427533411, "area": 3310396, "description": "Transportation infrastructure", "ideal_range": [10, 20]}, "WASTELAND": {"percentage": 49.676822477401494, "area": 1837724, "description": "Undeveloped or abandoned areas", "ideal_range": [0, 5]}, "GRASSLAND": {"percentage": 17.16665855715583, "area": 635056, "description": "Open grass areas and fields", "ideal_range": [5, 15]}, "INDUSTRIAL": {"percentage": 51.928766056831456, "area": 1921032, "description": "Manufacturing and industrial zones", "ideal_range": [5, 15]}}, "2025-05-12 00:48:58": {"WATERFRONT": {"percentage": 25.087488106050778, "area": 928076, "description": "Areas adjacent to water bodies", "ideal_range": [5, 15]}, "AGRICULTURAL": {"percentage": 16.40008001384023, "area": 606698, "description": "Farming and agricultural zones", "ideal_range": [15, 30]}, "RESIDENTIAL": {"percentage": 22.73171575623892, "area": 840928, "description": "Housing and residential neighborhoods", "ideal_range": [20, 40]}, "COMMERCIAL": {"percentage": 0.6130925349249601, "area": 22680, "description": "Business, retail and office areas", "ideal_range": [10, 25]}, "GREEN_SPACE": {"percentage": 6.445087798970634, "area": 238427, "description": "Parks and recreational areas", "ideal_range": [15, 25]}, "ROADS": {"percentage": 89.48565427533411, "area": 3310396, "description": "Transportation infrastructure", "ideal_range": [10, 20]}, "WASTELAND": {"percentage": 49.676822477401494, "area": 1837724, "description": "Undeveloped or abandoned areas", "ideal_range": [0, 5]}, "GRASSLAND": {"percentage": 17.16665855715583, "area": 635056, "description": "Open grass areas and fields", "ideal_range": [5, 15]}, "INDUSTRIAL": {"percentage": 51.928766056831456, "area": 1921032, "description": "Manufacturing and industrial zones", "ideal_range": [5, 15]}}, "2025-05-12 09:54:50": {"WATERFRONT": {"percentage": 25.087488106050778, "area": 928076, "description": "Areas adjacent to water bodies", "ideal_range": [5, 15]}, "AGRICULTURAL": {"percentage": 16.40008001384023, "area": 606698, "description": "Farming and agricultural zones", "ideal_range": [15, 30]}, "RESIDENTIAL": {"percentage": 22.73171575623892, "area": 840928, "description": "Housing and residential neighborhoods", "ideal_range": [20, 40]}, "COMMERCIAL": {"percentage": 0.6130925349249601, "area": 22680, "description": "Business, retail and office areas", "ideal_range": [10, 25]}, "GREEN_SPACE": {"percentage": 6.445087798970634, "area": 238427, "description": "Parks and recreational areas", "ideal_range": [15, 25]}, "ROADS": {"percentage": 89.48565427533411, "area": 3310396, "description": "Transportation infrastructure", "ideal_range": [10, 20]}, "WASTELAND": {"percentage": 49.676822477401494, "area": 1837724, "description": "Undeveloped or abandoned areas", "ideal_range": [0, 5]}, "GRASSLAND": {"percentage": 17.16665855715583, "area": 635056, "description": "Open grass areas and fields", "ideal_range": [5, 15]}, "INDUSTRIAL": {"percentage": 51.928766056831456, "area": 1921032, "description": "Manufacturing and industrial zones", "ideal_range": [5, 15]}}, "2025-05-12 10:04:51": {"WATERFRONT": {"percentage": 7.381228430594825, "area": 261276, "description": "Areas adjacent to water bodies", "ideal_range": [5, 15]}, "AGRICULTURAL": {"percentage": 2.9903783785005436, "area": 105851, "description": "Farming and agricultural zones", "ideal_range": [15, 30]}, "RESIDENTIAL": {"percentage": 5.7328145375813335, "area": 202926, "description": "Housing and residential neighborhoods", "ideal_range": [20, 40]}, "COMMERCIAL": {"percentage": 0.2751476381289452, "area": 9739, "description": "Business, retail and office areas", "ideal_range": [10, 25]}, "GREEN_SPACE": {"percentage": 2.7079279358686636, "area": 95853, "description": "Parks and recreational areas", "ideal_range": [15, 25]}, "ROADS": {"percentage": 99.2692816639433, "area": 3513870, "description": "Transportation infrastructure", "ideal_range": [10, 20]}, "WASTELAND": {"percentage": 58.85946014053025, "area": 2083469, "description": "Undeveloped or abandoned areas", "ideal_range": [0, 5]}, "GRASSLAND": {"percentage": 3.749658166597735, "area": 132728, "description": "Open grass areas and fields", "ideal_range": [5, 15]}, "INDUSTRIAL": {"percentage": 75.12743888244773, "area": 2659313, "description": "Manufacturing and industrial zones", "ideal_range": [5, 15]}}, "2025-05-27 21:43:23": {"WATERFRONT": {"percentage": 25.087488106050778, "area": 928076, "description": "Areas adjacent to water bodies", "ideal_range": [5, 15]}, "AGRICULTURAL": {"percentage": 16.40008001384023, "area": 606698, "description": "Farming and agricultural zones", "ideal_range": [15, 30]}, "RESIDENTIAL": {"percentage": 22.73171575623892, "area": 840928, "description": "Housing and residential neighborhoods", "ideal_range": [20, 40]}, "COMMERCIAL": {"percentage": 0.6130925349249601, "area": 22680, "description": "Business, retail and office areas", "ideal_range": [10, 25]}, "GREEN_SPACE": {"percentage": 6.445087798970634, "area": 238427, "description": "Parks and recreational areas", "ideal_range": [15, 25]}, "ROADS": {"percentage": 89.48565427533411, "area": 3310396, "description": "Transportation infrastructure", "ideal_range": [10, 20]}, "WASTELAND": {"percentage": 49.676822477401494, "area": 1837724, "description": "Undeveloped or abandoned areas", "ideal_range": [0, 5]}, "GRASSLAND": {"percentage": 17.16665855715583, "area": 635056, "description": "Open grass areas and fields", "ideal_range": [5, 15]}, "INDUSTRIAL": {"percentage": 51.928766056831456, "area": 1921032, "description": "Manufacturing and industrial zones", "ideal_range": [5, 15]}}}